total_mv,port_duration,port_dv01,port_convexity,port_krd_2y,port_krd_5y,port_krd_10y
152.315409,5.251898143445159,0.079993,36.10928150980978,-1.9561381583408284,3.4223065224248197,2.090563357783834
