scenario,port_base_mv_cr,port_scen_mv_cr,abs_pnl_cr,pct_pnl
parallel_+50bp,152.315409,148.383777,-3.931632,-0.025812
parallel_-50bp,152.315409,156.384974,4.069565,0.026718
bear_steepener,152.315409,146.313954,-6.001455,-0.039401
bull_flattener,152.315409,150.534636,-1.780773,-0.011691
