scenario,port_base_mv_cr,port_scen_mv_cr,abs_pnl_cr,pct_pnl
parallel_+50bp,1018.192365,1004.831636,-13.360729,-0.013122
parallel_-50bp,1018.192365,1031.831969,13.639604,0.013396
bear_steepener,1018.192365,1001.872398,-16.319967,-0.016028
bull_flattener,1018.192365,1008.026285,-10.16608,-0.009984
